
{
    "electron":[
        {
            "path":"/electron/arduino-shell.js",
            "require":[
                "layui",
                "Mixly.Modules",
                "Mixly.Env",
                "Mixly.LayerExtend",
                "Mixly.Config",
                "Mixly.StatusBar",
                "Mixly.StatusBarPort",
                "Mixly.Title",
                "Mixly.Boards",
                "Mixly.MFile",
                "Mixly.MArray",
                "Mixly.Electron.Serial"
            ],
            "provide":[
                "Mixly.Electron.ArduShell"
            ]
        },
        {
            "path":"/electron/arduino-simulator.js",
            "require":[
            ],
            "provide":[
            ]
        },
        {
            "path":"/electron/avr-simulator.js",
            "require":[
            ],
            "provide":[
            ]
        },
        {
            "path":"/electron/burn-upload.js",
            "require":[
                "layui",
                "Mixly.Config",
                "Mixly.StatusBar",
                "Mixly.StatusBarPort",
                "Mixly.Modules",
                "Mixly.LayerExtend",
                "Mixly.Env",
                "Mixly.Boards",
                "Mixly.MFile",
                "Mixly.Electron.Serial"
            ],
            "provide":[
                "Mixly.Electron.BU"
            ]
        },
        {
            "path":"/electron/cloud-download.js",
            "require":[
                "Mixly.Modules",
                "Mixly.Env"
            ],
            "provide":[
                "Mixly.CloudDownload"
            ]
        },
        {
            "path":"/electron/electron.js",
            "require":[
                "Mixly.Url",
                "Mixly.Modules"
            ],
            "provide":[
                "Mixly.Electron"
            ]
        },
        {
            "path":"/electron/events.js",
            "require":[
                "Mixly.Command",
                "Mixly.Modules",
                "Mixly.Config",
                "Mixly.Electron"
            ],
            "provide":[
                "Mixly.Electron.Events"
            ]
        },
        {
            "path":"/electron/example.js",
            "require":[
                "layui",
                "Mixly.Env",
                "Mixly.Config",
                "Mixly.Modules",
                "Mixly.MFile",
                "Mixly.Title",
                "Mixly.XML",
                "Mixly.Electron.BU",
                "Mixly.Electron.File"
            ],
            "provide":[
                "Mixly.Electron.Example"
            ]
        },
        {
            "path":"/electron/file.js",
            "require":[
                "Mixly.Modules",
                "Mixly.Env",
                "Mixly.LayerExtend",
                "Mixly.Config",
                "Mixly.Title",
                "Mixly.MFile",
                "Mixly.XML",
                "Mixly.Editor",
                "Mixly.Drag",
                "Mixly.Electron.ArduShell",
                "Mixly.Electron.BU"
            ],
            "provide":[
                "Mixly.Electron.File"
            ]
        },
        {
            "path":"/electron/lib-manager.js",
            "require":[
                "LazyLoad",
                "layui",
                "Code",
                "Mixly.Env",
                "Mixly.Modules",
                "Mixly.XML",
                "Mixly.ScriptLoader",
                "Mixly.CssLoader",
                "Mixly.Boards",
                "Mixly.LayerExtend",
                "Mixly.Config",
                "Mixly.CloudDownload",
                "Mixly.Nav"
            ],
            "provide":[
                "Mixly.Electron.LibManager"
            ]
        },
        {
            "path":"/electron/loader.js",
            "require":[
                "Mixly.Url",
                "Mixly.Config",
                "Mixly.Modules",
                "Mixly.Env",
                "Mixly.Electron.Serial"
            ],
            "provide":[
                "Mixly.Electron.Loader"
            ]
        },
        {
            "path":"/electron/python-shell.js",
            "require":[
                "Mixly.Modules",
                "Mixly.MFile",
                "Mixly.StatusBar",
                "Mixly.Env",
                "Mixly.Electron"
            ],
            "provide":[
                "Mixly.Electron.PythonShell"
            ]
        },
        {
            "path":"/electron/serial.js",
            "require":[
                "Mixly.Modules",
                "Mixly.Charts",
                "Mixly.StatusBar",
                "Mixly.StatusBarPort",
                "Mixly.Config",
                "Mixly.Tools",
                "Mixly.Env",
                "Mixly.LayerExtend",
                "Mixly.XML",
                "Mixly.MArray"
            ],
            "provide":[
                "Mixly.Electron.Serial"
            ]
        },
        {
            "path":"/electron/wiki-manager.js",
            "require":[
                "Code",
                "Mixly.Modules",
                "Mixly.Config",
                "Mixly.Env",
                "Mixly.Electron"
            ],
            "provide":[
                "Mixly.Electron.WikiManager"
            ]
        },
        {
            "path":"/common/boards.js",
            "provide":[
                "Mixly.Boards"
            ],
            "require":[
                "layui",
                "Mixly.LayerExtend",
                "Mixly.Config",
                "Mixly.XML",
                "Mixly.Env",
                "Mixly.ToolboxSearcher",
                "Mixly.Modules"
            ]
        },
        {
            "path":"/common/interface.js",
            "provide":[
                "Mixly.Interface"
            ],
            "require":[
                "Mixly.Url",
                "Mixly.Config",
                "Mixly.NavEvents",
                "Mixly.StatusBar",
                "Mixly.XML",
                "Mixly.Nav",
                "Mixly.Env",
                "Mixly.Boards",
                "Mixly.Modules",
                "Mixly.ToolboxSearcher",
                "Mixly.Drag",
                "Mixly.Editor",
                "WorkspaceSearch",
                "Backpack",
                "Mixly.Electron",
                "Mixly.Electron.LibManager",
                "Mixly.Electron.WikiManager",
                "Mixly.Electron.Example"
            ]
        },
        {
            "path":"/common/nav-events.js",
            "provide":[
                "Mixly.NavEvents"
            ],
            "require":[
                "layui",
                "Mixly.LayerExtend",
                "Mixly.Config",
                "Mixly.XML",
                "Mixly.Env",
                "Mixly.ScriptLoader",
                "Mixly.Modules",
                "Mixly.Theme",
                "Mixly.Boards",
                "Mixly.Editor",
                "Mixly.Electron.BU"
            ]
        },
        {
            "path":"/common/serial-charts.js",
            "provide":[
                "Mixly.Charts"
            ],
            "require":[
                "Mixly.Env",
                "Mixly.Modules",
                "Mixly.Config"
            ]
        }
    ],
    "web":[
        {
            "path":"/web/ampy.js",
            "require":[
            ],
            "provide":[
                "Mixly.Web.Ampy"
            ]
        },
        {
            "path":"/web/burn-upload.js",
            "require":[
                "Mixly.StatusBar",
                "Mixly.Web.Serial",
                "Mixly.Web.Esptool",
                "Mixly.LayerExtend",
                "Mixly.Config",
                "Mixly.MFile",
                "Mixly.Boards"
            ],
            "provide":[
                "Mixly.Web.BU"
            ]
        },
        {
            "path":"/web/dap.umd.js",
            "require":[
            ],
            "provide":[
            ]
        },
        {
            "path":"/web/esptool.js",
            "require":[
                "Mixly.Web.Utilities",
                "Mixly.StatusBar",
                "Mixly.Config"
            ],
            "provide":[
                "Mixly.Web.Esptool"
            ]
        },
        {
            "path":"/web/file.js",
            "require":[
                "Mixly.MFile",
                "Mixly.Editor",
                "Mixly.Drag"
            ],
            "provide":[
                "Mixly.Web.File"
            ]
        },
        {
            "path":"/web/highcharts.js",
            "require":[
            ],
            "provide":[
            ]
        },
        {
            "path":"/web/serial.js",
            "require":[
                "Mixly.Charts",
                "Mixly.StatusBar",
                "Mixly.LayerExtend",
                "Mixly.Config",
                "Mixly.MFile"
            ],
            "provide":[
                "Mixly.Web.Serial"
            ]
        },
        {
            "path":"/web/serialport.js",
            "require":[
            ],
            "provide":[
            ]
        },
        {
            "path":"/web/usb.js",
            "require":[
            ],
            "provide":[
                "Mixly.Web.USB"
            ]
        },
        {
            "path":"/web/utilities.js",
            "require":[
            ],
            "provide":[
                "Mixly.Web.Utilities"
            ]
        },
        {
            "path":"/common/boards.js",
            "provide":[
                "Mixly.Boards"
            ],
            "require":[
                "layui",
                "Mixly.LayerExtend",
                "Mixly.Config",
                "Mixly.XML",
                "Mixly.Env",
                "Mixly.ToolboxSearcher",
                "Mixly.Modules"
            ]
        },
        {
            "path":"/common/interface.js",
            "provide":[
                "Mixly.Interface"
            ],
            "require":[
                "Mixly.Url",
                "Mixly.Config",
                "Mixly.NavEvents",
                "Mixly.StatusBar",
                "Mixly.XML",
                "Mixly.Nav",
                "Mixly.Env",
                "Mixly.Boards",
                "Mixly.Modules",
                "Mixly.ToolboxSearcher",
                "Mixly.Drag",
                "Mixly.Editor",
                "WorkspaceSearch",
                "Backpack"
            ]
        },
        {
            "path":"/common/nav-events.js",
            "provide":[
                "Mixly.NavEvents"
            ],
            "require":[
                "layui",
                "Mixly.LayerExtend",
                "Mixly.Config",
                "Mixly.XML",
                "Mixly.Env",
                "Mixly.ScriptLoader",
                "Mixly.Modules",
                "Mixly.Theme",
                "Mixly.Boards",
                "Mixly.Editor",
                "Mixly.Web.BU"
            ]
        },
        {
            "path":"/common/serial-charts.js",
            "provide":[
                "Mixly.Charts"
            ],
            "require":[
                "Mixly.Env",
                "Mixly.Modules",
                "Mixly.Config",
                "Highcharts"
            ]
        }
    ],
    "web-socket":{
        "electron":[
            {
                "path":"/common/boards.js",
                "provide":[
                    "Mixly.Boards"
                ],
                "require":[
                    "layui",
                    "Mixly.LayerExtend",
                    "Mixly.Config",
                    "Mixly.XML",
                    "Mixly.Env",
                    "Mixly.ToolboxSearcher",
                    "Mixly.Modules"
                ]
            },
            {
                "path":"/common/interface.js",
                "provide":[
                    "Mixly.Interface"
                ],
                "require":[
                    "Mixly.Url",
                    "Mixly.Config",
                    "Mixly.NavEvents",
                    "Mixly.StatusBar",
                    "Mixly.XML",
                    "Mixly.Nav",
                    "Mixly.Env",
                    "Mixly.Boards",
                    "Mixly.Modules",
                    "Mixly.ToolboxSearcher",
                    "Mixly.Drag",
                    "Mixly.Editor",
                    "WorkspaceSearch",
                    "Backpack"
                ]
            },
            {
                "path":"/common/nav-events.js",
                "provide":[
                    "Mixly.NavEvents"
                ],
                "require":[
                    "layui",
                    "Mixly.LayerExtend",
                    "Mixly.Config",
                    "Mixly.XML",
                    "Mixly.Env",
                    "Mixly.ScriptLoader",
                    "Mixly.Modules",
                    "Mixly.Theme",
                    "Mixly.Boards",
                    "Mixly.Editor"
                ]
            },
            {
                "path":"/common/serial-charts.js",
                "provide":[
                    "Mixly.Charts"
                ],
                "require":[
                    "Mixly.Env",
                    "Mixly.Modules",
                    "Mixly.Config"
                ]
            }
        ],
        "web":[
            {
                "path":"/common/boards.js",
                "provide":[
                    "Mixly.Boards"
                ],
                "require":[
                    "layui",
                    "Mixly.LayerExtend",
                    "Mixly.Config",
                    "Mixly.XML",
                    "Mixly.Env",
                    "Mixly.ToolboxSearcher",
                    "Mixly.Modules"
                ]
            },
            {
                "path":"/common/interface.js",
                "provide":[
                    "Mixly.Interface"
                ],
                "require":[
                    "Mixly.Url",
                    "Mixly.Config",
                    "Mixly.NavEvents",
                    "Mixly.StatusBar",
                    "Mixly.XML",
                    "Mixly.Nav",
                    "Mixly.Env",
                    "Mixly.Boards",
                    "Mixly.Modules",
                    "Mixly.ToolboxSearcher",
                    "Mixly.Drag",
                    "Mixly.Editor",
                    "WorkspaceSearch",
                    "Backpack"
                ]
            },
            {
                "path":"/common/nav-events.js",
                "provide":[
                    "Mixly.NavEvents"
                ],
                "require":[
                    "layui",
                    "Mixly.LayerExtend",
                    "Mixly.Config",
                    "Mixly.XML",
                    "Mixly.Env",
                    "Mixly.ScriptLoader",
                    "Mixly.Modules",
                    "Mixly.Theme",
                    "Mixly.Boards",
                    "Mixly.Editor"
                ]
            },
            {
                "path":"/common/serial-charts.js",
                "provide":[
                    "Mixly.Charts"
                ],
                "require":[
                    "Mixly.Env",
                    "Mixly.Modules",
                    "Mixly.Config",
                    "Highcharts"
                ]
            }
        ],
        "common":[
            {
                "path":"/web-socket/arduino-shell.js",
                "require":[
                    "Mixly.StatusBar",
                    "Mixly.StatusBarPort",
                    "Mixly.WebSocket.Serial"
                ],
                "provide":[
                    "Mixly.WebSocket.ArduShell"
                ]
            },
            {
                "path":"/web-socket/burn-upload.js",
                "require":[
                    "Mixly.Tools",
                    "Mixly.WebSocket.Socket",
                    "Mixly.StatusBar",
                    "Mixly.StatusBarPort"
                ],
                "provide":[
                    "Mixly.WebSocket.BU"
                ]
            },
            {
                "path":"/web-socket/serial.js",
                "require":[
                    "Mixly.WebSocket.Socket",
                    "Mixly.Charts",
                    "Mixly.StatusBar",
                    "Mixly.StatusBarPort",
                    "Mixly.Config"
                ],
                "provide":[
                    "Mixly.WebSocket.Serial"
                ]
            },
            {
                "path":"/web-socket/socket.js",
                "require":[
                    "Mixly.Config",
                    "Mixly.WebSocket.BU",
                    "Mixly.WebSocket.Serial",
                    "Mixly.WebSocket.ArduShell",
                    "Mixly.Charts",
                    "Mixly.StatusBar",
                    "Mixly.StatusBarPort"
                ],
                "provide":[
                    "Mixly.WebSocket.Socket"
                ]
            }
        ]
    },
    "web-compiler":{
        "electron":[
            {
                "path":"/common/boards.js",
                "provide":[
                    "Mixly.Boards"
                ],
                "require":[
                    "layui",
                    "Mixly.LayerExtend",
                    "Mixly.Config",
                    "Mixly.XML",
                    "Mixly.Env",
                    "Mixly.ToolboxSearcher",
                    "Mixly.Modules"
                ]
            },
            {
                "path":"/common/interface.js",
                "provide":[
                    "Mixly.Interface"
                ],
                "require":[
                    "Mixly.Url",
                    "Mixly.Config",
                    "Mixly.NavEvents",
                    "Mixly.StatusBar",
                    "Mixly.XML",
                    "Mixly.Nav",
                    "Mixly.Env",
                    "Mixly.Boards",
                    "Mixly.Modules",
                    "Mixly.ToolboxSearcher",
                    "Mixly.Drag",
                    "Mixly.Editor",
                    "WorkspaceSearch",
                    "Backpack"
                ]
            },
            {
                "path":"/common/nav-events.js",
                "provide":[
                    "Mixly.NavEvents"
                ],
                "require":[
                    "layui",
                    "Mixly.LayerExtend",
                    "Mixly.Config",
                    "Mixly.XML",
                    "Mixly.Env",
                    "Mixly.ScriptLoader",
                    "Mixly.Modules",
                    "Mixly.Theme",
                    "Mixly.Boards",
                    "Mixly.Editor"
                ]
            },
            {
                "path":"/common/serial-charts.js",
                "provide":[
                    "Mixly.Charts"
                ],
                "require":[
                    "Mixly.Env",
                    "Mixly.Modules",
                    "Mixly.Config"
                ]
            }
        ],
        "web":[
            {
                "path":"/common/boards.js",
                "provide":[
                    "Mixly.Boards"
                ],
                "require":[
                    "layui",
                    "Mixly.LayerExtend",
                    "Mixly.Config",
                    "Mixly.XML",
                    "Mixly.Env",
                    "Mixly.ToolboxSearcher",
                    "Mixly.Modules"
                ]
            },
            {
                "path":"/common/interface.js",
                "provide":[
                    "Mixly.Interface"
                ],
                "require":[
                    "Mixly.Url",
                    "Mixly.Config",
                    "Mixly.NavEvents",
                    "Mixly.StatusBar",
                    "Mixly.XML",
                    "Mixly.Nav",
                    "Mixly.Env",
                    "Mixly.Boards",
                    "Mixly.Modules",
                    "Mixly.ToolboxSearcher",
                    "Mixly.Drag",
                    "Mixly.Editor",
                    "WorkspaceSearch",
                    "Backpack"
                ]
            },
            {
                "path":"/common/nav-events.js",
                "provide":[
                    "Mixly.NavEvents"
                ],
                "require":[
                    "layui",
                    "Mixly.LayerExtend",
                    "Mixly.Config",
                    "Mixly.XML",
                    "Mixly.Env",
                    "Mixly.ScriptLoader",
                    "Mixly.Modules",
                    "Mixly.Theme",
                    "Mixly.Boards",
                    "Mixly.Editor"
                ]
            },
            {
                "path":"/common/serial-charts.js",
                "provide":[
                    "Mixly.Charts"
                ],
                "require":[
                    "Mixly.Env",
                    "Mixly.Modules",
                    "Mixly.Config",
                    "Highcharts"
                ]
            }
        ],
        "common":[
            {
                "path":"/web-compiler/avr-uploader.js",
                "require":[
                ],
                "provide":[
                ]
            },
            {
                "path":"/web-compiler/compiler.js",
                "require":[
                    "Mixly.Url",
                    "Mixly.StatusBar",
                    "Mixly.Config",
                    "Mixly.LayerExtend",
                    "Mixly.Boards",
                    "Mixly.MFile",
                    "Mixly.Web.BU"
                ],
                "provide":[
                    "Mixly.WebCompiler.Compiler"
                ]
            }
        ]
    },
    "common":[
        {
            "path":"/common/code.js",
            "require":[
                "Blockly",
                "Mixly.Env",
                "Mixly.Modules",
                "Mixly.Config",
                "Mixly.ScriptLoader"
            ],
            "provide":[
                "Code"
            ]
        },
        {
            "path":"/common/command.js",
            "require":[
                "Mixly",
                "Mixly.Config",
                "Mixly.MJSON"
            ],
            "provide":[
                "Mixly.Command"
            ]
        },
        {
            "path":"/common/css-loader.js",
            "require":[
                "Mixly.Config"
            ],
            "provide":[
                "Mixly.CssLoader"
            ]
        },
        {
            "path":"/common/dom-operator.js",
            "require":[
                "Mixly.Config",
                "Mixly.XML"
            ],
            "provide":[
                "Mixly.DomOperator"
            ]
        },
        {
            "path":"/common/drag.js",
            "require":[
                "Mixly.Editor",
                "Mixly.Config"
            ],
            "provide":[
                "Mixly.Drag"
            ]
        },
        {
            "path":"/common/editor.js",
            "require":[
                "Blockly",
                "Mixly.Config",
                "Mixly.Nav",
                "Mixly.XML"
            ],
            "provide":[
                "Mixly.Editor"
            ]
        },
        {
            "path":"/common/js-funcs.js",
            "require":[
                "Mixly.Config"
            ],
            "provide":[
                "Mixly.JSFuncs"
            ]
        },
        {
            "path":"/common/layer-extend.js",
            "require":[
                "layui",
                "Mixly.Env",
                "Mixly.DomOperator",
                "Mixly.Config"
            ],
            "provide":[
                "Mixly.LayerExtend"
            ]
        },
        {
            "path":"/common/loading.js",
            "require":[
                "Mixly.Env",
                "Mixly.Config",
                "Mixly.Modules",
                "Mixly.LocalStorage",
                "Mixly.CssLoader"
            ],
            "provide":[
                "Mixly.Loading"
            ]
        },
        {
            "path":"/common/local-storage.js",
            "require":[
                "Mixly"
            ],
            "provide":[
                "Mixly.LocalStorage"
            ]
        },
        {
            "path":"/common/marray.js",
            "require":[
                "Mixly"
            ],
            "provide":[
                "Mixly.MArray"
            ]
        },
        {
            "path":"/common/mfile.js",
            "require":[
                "layui",
                "Blockly",
                "Base64",
                "Mixly.Config",
                "Mixly.MArray",
                "Mixly.Boards",
                "Mixly.XML",
                "Mixly.LayerExtend",
                "Mixly.MicrobitFs",
                "Mixly.Editor",
                "Mixly.Drag"
            ],
            "provide":[
                "Mixly.MFile"
            ]
        },
        {
            "path":"/common/microbit-fs-wrapper.js",
            "require":[
                "microbitFs"
            ],
            "provide":[
                "fsWrapper"
            ]
        },
        {
            "path":"/common/microbit-fs.js",
            "require":[
                "fsWrapper",
                "Mixly.Config",
                "Mixly.Editor",
                "Mixly.Drag"
            ],
            "provide":[
                "Mixly.MicrobitFs"
            ]
        },
        {
            "path":"/common/mjson.js",
            "require":[
                "Mixly"
            ],
            "provide":[
                "Mixly.MJSON"
            ]
        },
        {
            "path":"/common/nav.js",
            "require":[
                "Mixly.Env",
                "Mixly.Config",
                "Mixly.Command",
                "Mixly.XML",
                "Code",
                "layui"
            ],
            "provide":[
                "Mixly.Nav"
            ]
        },
        {
            "path":"/common/script-loader.js",
            "require":[
                "Mixly.Env",
                "Mixly.Config"
            ],
            "provide":[
                "Mixly.ScriptLoader"
            ]
        },
        {
            "path":"/common/status-bar-port.js",
            "require":[
                "Mixly.StatusBar",
                "Mixly.Config",
                "layui"
            ],
            "provide":[
                "Mixly.StatusBarPort"
            ]
        },
        {
            "path":"/common/status-bar.js",
            "require":[
                "Mixly.Env",
                "Mixly.XML",
                "Mixly.Config",
                "Mixly.Drag"
            ],
            "provide":[
                "Mixly.StatusBar"
            ]
        },
        {
            "path":"/common/store.modern.min.js",
            "require":[
            ],
            "provide":[
            ]
        },
        {
            "path":"/common/theme.js",
            "require":[
                "Blockly",
                "Mixly.StatusBar",
                "Mixly.StatusBarPort",
                "Mixly.Editor"
            ],
            "provide":[
                "Mixly.Theme"
            ]
        },
        {
            "path":"/common/title.js",
            "require":[
                "Mixly.Config"
            ],
            "provide":[
                "Mixly.Title"
            ]
        },
        {
            "path":"/common/toolbox-searcher.js",
            "require":[
                "Blockly",
                "Mixly.XML"
            ],
            "provide":[
                "Mixly.ToolboxSearcher"
            ]
        },
        {
            "path":"/common/tools.js",
            "require":[
                "Mixly.Config"
            ],
            "provide":[
                "Mixly.Tools"
            ]
        },
        {
            "path":"/common/xml.js",
            "require":[
                "layui",
                "Mixly.Tools",
                "Mixly.Env",
                "Mixly.Config",
                "Code"
            ],
            "provide":[
                "Mixly.XML"
            ]
        },
        {
            "path":"/common/xscrollbar.js",
            "require":[
            ],
            "provide":[
            ]
        }
    ]
}

