<link rel="stylesheet" type="text/css" href="libraries/ThirdParty/Edu_Python/css/color_class.css"></link>
<script type="text/javascript" src="libraries/ThirdParty/Edu_Python/block/class.js"></script>
<script type="text/javascript" src="libraries/ThirdParty/Edu_Python/generator/class.js"></script>
<script type="text/javascript" src="libraries/ThirdParty/Edu_Python/generator/class_core.js"></script>

<category id="catclass_make" colour="#ffFF00">
  <category id="catclass" colour="#ffff00" custom="CLASS">
  </category>
  <category id="catproperty" colour="345" custom="PROPERTY">
  </category>
  <category id="catmethod" colour="345" custom="METHOD">
  </category>
  <category id="catobject" colour="345" custom="OBJECT">
  </category>
</category>